prediction,target
43817.819804640836,39891
58085.16615693488,54445
60332.31322854069,63218
