target,prediction
39891.0,47667.9145041242
54445.0,56630.812044254446
63218.0,62904.84032234562
