target,prediction
39891.0,47261.06604573559
54445.0,56593.89092737991
63218.0,63126.868344530914
