target,prediction
39891.0,44146.28020526105
54445.0,60876.85959609687
63218.0,56739.43542501448
