target,prediction
39891.0,45159.33929754383
54445.0,59938.54100194613
63218.0,58173.737966082204
