target,prediction
39891.0,46770.4039289754
54445.0,52333.03526959996
63218.0,55323.169609122895
