target,prediction
39891.0,52519.20403738729
54445.0,52519.20403738729
63218.0,52519.20403738729
