target,prediction
39891.0,74223.53279691952
54445.0,74223.53279691952
63218.0,74223.53279691952
