target,prediction
39891.0,55065.19785174473
54445.0,60337.19926590168
63218.0,65268.576764037665
