target,prediction
39891.0,78612.44460833992
54445.0,78612.44460833992
63218.0,78612.44460833992
