target,prediction
39891.0,48080.8929011701
54445.0,55266.303876012666
63218.0,60118.57866691041
