target,prediction
39891.0,46675.039591122
54445.0,53916.18507131156
63218.0,58984.986907444254
